model,sample_size,run_number,epoch,train_loss,train_acc,train_auc,train_bal_acc,val_loss,val_acc,val_auc,val_bal_acc
quixer,1000,43,0,0.5990187935829162,71.0,0.5074019515660586,0.49866273846089554,0.5718593030940485,74.23664122137404,0.8744168332857278,0.5
quixer,1000,43,1,0.5686182880401611,74.2,0.6212206690486639,0.5,0.5663325115469576,74.23664122137404,0.8848329048843186,0.5
quixer,1000,43,2,0.5685741910934449,74.2,0.5563060239453395,0.5,0.558028458411457,74.23664122137404,0.8425021422450729,0.5
quixer,1000,43,3,0.5512637205123901,74.2,0.7883783614367204,0.5,0.5203877969552543,74.23664122137404,0.8604398743216224,0.5
quixer,1000,43,4,0.4805927286148071,74.5,0.8750496249399278,0.5058139534883721,0.3941577038237157,85.1145038167939,0.9154908121489099,0.7232028944111206
quixer,1000,43,5,0.3378801653385162,87.7,0.9456737499738815,0.7755333375122757,0.2551919615450706,92.93893129770993,0.9754165476530515,0.9210035228030087
quixer,1000,43,6,0.21671835625171662,93.3,0.9735264004680416,0.8967017697820682,0.19372456617482747,92.74809160305344,0.9775873559935258,0.9221365324193087
quixer,1000,43,7,0.17624431589245795,93.3,0.9792672224659938,0.8992300298794376,0.29915956982219494,86.25954198473282,0.9816242978196705,0.8977815862134628
quixer,1000,43,8,0.171787127494812,93.1,0.9783896445809566,0.9042029712279822,0.20089666397516964,91.79389312977099,0.9822336475292773,0.9229648671808055
quixer,1000,43,9,0.13322001719474794,94.8,0.9879019620134144,0.9257715372239286,0.1780043144262474,93.12977099236642,0.9850328477577835,0.9295439398267162
quixer,1000,43,10,0.12187447702884674,95.0,0.9897511439854573,0.932175766313546,0.1692174355151089,94.08396946564885,0.9782157478815577,0.8972769684851947
quixer,1000,43,11,0.1306563285589218,94.7,0.9886332769176122,0.9225694226791199,0.20092498869386338,91.79389312977099,0.9862325049985718,0.9302199371608112
quixer,1000,43,12,0.10136889705061912,96.7,0.9917413652604526,0.9562725924068618,0.12243608570167126,95.61068702290076,0.9873179091688089,0.93416166809483
quixer,1000,43,13,0.08950770729780197,96.8,0.9939353099730458,0.9531540567082472,0.19760751280620809,92.55725190839695,0.986327715890698,0.9329429686756165
quixer,1000,43,14,0.08817086490988732,96.6,0.9945464802858397,0.9568628680081072,0.12603158918955853,95.22900763358778,0.9890126630486527,0.943682757307436
quixer,1000,43,15,0.08478179234266281,96.4,0.9955494264401679,0.9441379886750664,0.1367476268010285,94.65648854961832,0.9877558792725888,0.9398267161763305
quixer,1000,43,16,0.07944154810905457,97.1,0.9954397292045384,0.9589680101966193,0.13565804633020445,95.41984732824427,0.9862705893554223,0.9425497476911359
quixer,1000,43,17,0.07833059805631637,97.3,0.9955650974738293,0.9552591988967591,0.12538782194370532,95.61068702290076,0.9894696753308578,0.9462534513948395
quixer,1000,43,18,0.058625378765165805,98.2,0.9979314235566978,0.9764934495079296,0.13561029393823093,95.0381679389313,0.9893744644387317,0.944815766923736
quixer,1000,43,19,0.05624688825011254,97.9,0.9980097787250047,0.9694153659708729,0.13998671453303962,94.65648854961832,0.9894506331524326,0.9398267161763305
quixer,1000,43,20,0.0553343491088599,97.9,0.9979993313692305,0.9719436260682421,0.1900215178500605,91.98473282442748,0.9894315909740075,0.9387603541845186
quixer,1000,43,21,0.04513077986612916,98.9,0.9988821329321549,0.9837386907373744,0.14842083794242553,94.46564885496183,0.9900409406836144,0.9433780824526325
quixer,1000,43,22,0.05573224972188473,98.5,0.9976806870181156,0.9772508828015629,0.1670039847265673,94.08396946564885,0.9879272588784157,0.9432257450252308
quixer,1000,43,23,0.054018868111073974,98.2,0.9977642658643098,0.9777575795566142,0.12179921965562661,95.61068702290076,0.9899838141483386,0.9414167380748357
quixer,1000,43,24,0.04250388427078724,98.7,0.9989186986773647,0.9823909818424956,0.12575505825314132,95.61068702290076,0.9911263448538513,0.9317433114348281
quixer,1000,43,25,0.055284157812595366,97.7,0.9980254497586661,0.9668035270273094,0.11299516420583916,95.80152671755725,0.9911453870322765,0.9427020851185375
quixer,1000,43,26,0.04325395928882062,98.9,0.9990022775235589,0.9875310808834283,0.11455629684941004,96.37404580152672,0.9907835856421975,0.9417214129296392
quixer,1000,43,27,0.0338108269944787,98.9,0.9994410664660774,0.9824745606886897,0.16911799073901795,94.46564885496183,0.9906502903932211,0.9506331524326382
quixer,1000,43,28,0.029747734719887377,98.9,0.9995246453122715,0.9837386907373744,0.21308407619709277,92.74809160305344,0.9922879177377892,0.9463200990193278
quixer,1000,43,29,0.024679997257888317,99.1,0.9997597108171922,0.9876146597296225,0.17119236426954051,95.0381679389313,0.9910311339617252,0.9569075502237456
quixer,1000,43,30,0.029197313494980334,99.5,0.9991642115380599,0.9928383376167491,0.1675073597438008,95.0381679389313,0.9906312482147958,0.9569075502237456
quixer,1000,43,31,0.022141929358243943,99.4,0.9998694080528218,0.9909003531206251,0.12656129526600013,96.37404580152672,0.9919832428829858,0.946558126249643
quixer,1000,43,32,0.013355139765888452,99.7,0.9999843289663386,0.9954501765603125,0.13282938025721158,95.41984732824427,0.9922498333809388,0.9449681043511378
quixer,1000,43,33,0.025081041548401118,99.1,0.9996134478363528,0.9888787897783071,0.11303848542543199,96.37404580152672,0.9931829001237741,0.9489764829096449
quixer,1000,43,34,0.013618816127069295,99.8,0.9999373158653545,0.9961240310077519,0.21343070189006455,94.27480916030534,0.9928782252689707,0.9541845187089403
quixer,1000,43,35,0.031045080101117492,98.9,0.9993261455525606,0.985002820786059,0.13332131431786387,95.61068702290076,0.990745501285347,0.9438350947348377
quixer,1000,43,36,0.032699589021503925,98.2,0.9992425667063666,0.9739651894105602,0.1612730977047263,95.80152671755725,0.9897362658288109,0.9523755117585452
quixer,1000,43,37,0.046621081843972206,98.2,0.9984015545665392,0.9764934495079296,0.15234553023376537,93.89312977099236,0.9898886032562125,0.9298486146815196
quixer,1000,43,38,0.020170890994369983,99.3,0.9998432896633862,0.9927547587705552,0.16628016072915483,94.8473282442748,0.9898695610777872,0.9386937065600305
quixer,1000,43,39,0.009151666811667382,99.8,1.0,0.9961240310077519,0.20053228016459304,94.46564885496183,0.9914119775302295,0.9457964391126346
quixer,1000,43,40,0.007362421758472919,99.9,1.0,0.9993261455525606,0.15624008829641434,96.18320610687023,0.991640483671332,0.950109492525945
quixer,1000,43,41,0.00443718149792403,100.0,1.0,1.0,0.15721445499371936,96.37404580152672,0.9923069599162143,0.9513948395696468
quixer,1000,43,42,0.004225784900831059,100.0,1.0,1.0,0.16626827963023583,95.80152671755725,0.9916404836713321,0.9427020851185375
quixer,1000,43,43,0.008094759600702673,99.7,0.9999686579326772,0.9967143066089972,0.15718012225266745,95.80152671755725,0.9918499476340092,0.9402837284585357
quixer,1000,43,44,0.020927248862106354,99.2,0.9997022503604338,0.9882885141770618,0.1566551593025677,95.80152671755725,0.9923069599162144,0.9499571550985433
quixer,1000,43,45,0.050353869933635,98.1,0.9981142522827473,0.9732913349631209,0.17349932984029517,94.8473282442748,0.98922212701133,0.9435304198800343
quixer,1000,43,46,0.023873178620357066,99.4,0.9996343425479011,0.9909003531206251,0.16082177471497472,96.18320610687023,0.9908407121774732,0.9404360658859373
quixer,1000,43,47,0.007183293926791521,99.9,1.0,0.9993261455525606,0.16789947455137513,95.80152671755725,0.9922879177377892,0.9523755117585452
quixer,1000,43,48,0.004308360377443023,99.9,1.0,0.9993261455525606,0.2237864699968286,95.0381679389313,0.9906883747500714,0.9593259068837474
quixer,1000,43,49,0.013409438526025042,99.4,0.9998955264422574,0.9909003531206251,0.19634292766679334,95.0381679389313,0.9906122060363706,0.947234123583738
quixer,1000,43,50,0.009300458457611967,99.8,0.9999791052884515,0.9973881610564366,0.1801358893058682,96.18320610687023,0.9911834713891269,0.9525278491859469
quixer,1000,43,51,0.005966654066178308,99.9,0.9999947763221129,0.9993261455525606,0.17271044430898802,96.37404580152672,0.9910501761401505,0.9538131962296487
quixer,1000,43,52,0.007547617748103221,99.8,0.9999582105769029,0.9986522911051212,0.1969556696144224,96.18320610687023,0.9907645434637722,0.950109492525945
quixer,1000,43,53,0.008733795527368783,99.8,0.9999738816105643,0.9973881610564366,0.19041171350040054,96.37404580152672,0.988260497000857,0.9562315528896506
quixer,1000,43,54,0.03792298751580529,98.7,0.9988769092542678,0.9836551118911803,0.18498643078194318,95.22900763358778,0.9864800533180996,0.941264400647434
quixer,1000,43,55,0.0739815486446023,97.8,0.9957427025219916,0.9649491213773793,0.23382240784077243,92.93893129770993,0.9876416262020374,0.9403503760830239
quixer,1000,43,56,0.05535642063338309,98.1,0.997445621513195,0.9732913349631209,0.1695496973275911,94.8473282442748,0.9896981814719605,0.9435304198800343
quixer,1000,43,57,0.023309413129391034,99.2,0.9996761319709981,0.9895526442257465,0.15076772290289062,95.61068702290076,0.9917737789203085,0.9389983814148338
quixer,1000,43,58,0.03330727201746777,98.8,0.9991694352159468,0.983064836289935,0.18298770089185876,96.18320610687023,0.9885556507664477,0.947691135865943
quixer,1000,43,59,0.010422417705878616,99.7,0.9999529868990158,0.9967143066089972,0.17055579069433094,96.56488549618321,0.9909740074264497,0.9526801866133485
quixer,1000,43,60,0.014359204242180568,99.4,0.9998694080528218,0.9909003531206251,0.17245160631181403,96.18320610687023,0.9907169380177092,0.9428544225459392
quixer,1000,43,61,0.009265952735207975,99.8,0.9999738816105643,0.9973881610564366,0.2045823896165141,96.18320610687023,0.9892792535466057,0.947691135865943
quixer,1000,43,62,0.012898287183139474,99.6,0.9999111974759188,0.9935121920641885,0.6015151684520809,87.21374045801527,0.9896029705798344,0.9114633914119775
quixer,1000,43,63,0.02304042181663681,99.1,0.9996604609373367,0.9901429198269918,0.1729531141410347,95.41984732824427,0.9906502903932211,0.9449681043511378
quixer,1000,43,64,0.00713115024252329,99.9,0.9999843289663386,0.998062015503876,0.20115004488238566,95.99236641221374,0.9912977244596781,0.951242502142245
quixer,1000,43,65,0.011057316432357765,99.5,0.9999111974759188,0.9928383376167491,0.28887135015786375,94.46564885496183,0.9880415119489669,0.9482147957726363
quixer,1000,43,66,0.02064470649026043,99.5,0.9993679349756577,0.9941024676654339,0.24037070219720028,95.0381679389313,0.9917261734742454,0.9085404170237075
quixer,1000,43,67,0.015283912037499249,99.5,0.9997962765624021,0.9928383376167491,0.2628733672713505,94.65648854961832,0.9834523469484909,0.9374083595163287
quixer,1000,43,68,0.013860336739788181,99.5,0.9998015002402891,0.9941024676654339,0.21284878287428388,96.18320610687023,0.9911834713891268,0.9452727792059412
quixer,1000,43,69,0.019527397329919042,99.3,0.9996030004805784,0.9902264986731858,0.26627159807546674,95.0381679389313,0.985575549842902,0.9085404170237075
quixer,1000,43,70,0.02831294489139691,99.2,0.9993522639419963,0.9908167742744312,0.22829950424551054,95.41984732824427,0.9868989812434542,0.9328763210511282
quixer,1000,43,71,0.008374483989086003,99.9,0.9999738816105643,0.998062015503876,0.2672466992876912,94.46564885496183,0.9890888317623536,0.9457964391126346
quixer,1000,43,72,0.016521614307072014,99.3,0.9997858292066278,0.9902264986731858,0.7355728622611243,81.6793893129771,0.9820432257450251,0.8717699704846235
quixer,1000,43,73,0.0635449291837831,97.6,0.9971113061284189,0.9699220627259241,0.22350059939861183,96.37404580152672,0.9886699038369989,0.9538131962296487
quixer,1000,43,74,0.013109644549665973,99.6,0.9998432896633862,0.9935121920641885,0.3952298098393069,91.03053435114504,0.9880795963058174,0.922660192326002
quixer,1000,43,75,0.01822532146656886,99.2,0.9997701581729664,0.9882885141770618,0.22757036395314087,95.22900763358778,0.9851566219175474,0.9243359040274208
quixer,1000,43,76,0.02595154033062863,98.8,0.9995612110574813,0.9805365761925657,0.24277537367271104,93.70229007633588,0.9880034275921166,0.9382366942778254
quixer,1000,43,77,0.004111760181491263,100.0,1.0,1.0,0.24347958903766828,96.37404580152672,0.9889936208702277,0.9489764829096449
quixer,1000,43,78,0.004181997420557309,99.9,0.9999947763221129,0.9993261455525606,0.303254644720609,94.46564885496183,0.9892411691897552,0.9457964391126346
quixer,1000,43,79,0.005379775033798068,99.9,0.9999738816105643,0.9993261455525606,0.2475817500193624,95.61068702290076,0.9911644292107017,0.9438350947348377
quixer,1000,43,80,0.01249926858593244,99.5,0.9999007501201446,0.9928383376167491,0.224731961300753,94.8473282442748,0.9876130629343997,0.9362753499000285
quixer,1000,43,81,0.020988919598574286,99.2,0.9996656846152239,0.9882885141770618,0.4004857008921281,92.55725190839695,0.9861182519280205,0.9305246120156145
quixer,1000,43,82,0.0157896310898941,99.4,0.9998015002402892,0.9921644831693098,0.23626844101648875,95.0381679389313,0.988860325621251,0.9351423402837284
quixer,1000,43,83,0.03501829564850777,99.1,0.9987410936292024,0.9888787897783071,0.24523651563626436,95.41984732824427,0.986879939065029,0.9352946777111302
quixer,1000,43,84,0.015056790864095091,99.5,0.9998276186297248,0.9928383376167491,0.26496591492918614,94.46564885496183,0.9873750357040846,0.9409597257926308
quixer,1000,43,85,0.02738115506293252,98.9,0.9994306191103032,0.9862669508347437,0.2557542385677416,95.80152671755725,0.9892982957250309,0.9306103018185281
quixer,1000,43,86,0.01212456822860986,99.5,0.9999007501201447,0.9928383376167491,0.2955572823531755,94.8473282442748,0.9888031990859755,0.9532038465200419
quixer,1000,43,87,0.021538190618273802,99.3,0.999587329446917,0.9927547587705552,0.2118821806240585,95.41984732824427,0.989926687613063,0.9304579643911264
quixer,1000,43,88,0.0024419935361947864,100.0,1.0,1.0,0.20642160933343906,95.80152671755725,0.9903456155384176,0.9378653717985337
quixer,1000,43,89,0.006246953930705785,99.8,0.9999582105769029,0.9973881610564366,0.19502215303182033,95.80152671755725,0.9896886603827477,0.9427020851185375
quixer,1000,43,90,0.00826056168123614,99.6,0.9999686579326772,0.9973045822102427,0.36451563575724494,94.27480916030534,0.9857469294487289,0.8985623155288965
quixer,1000,43,91,0.0106847221981443,99.7,0.9998694080528219,0.9954501765603125,0.24451505818861033,95.61068702290076,0.9905360373226697,0.9365800247548319
quixer,1000,43,92,0.003481842768524075,99.9,1.0,0.9993261455525606,0.23264286237704845,95.80152671755725,0.9904217842521185,0.9451204417785395
quixer,1000,43,93,0.005382755571394227,99.8,0.9999895526442257,0.9973881610564366,0.28752467251926633,94.46564885496183,0.984128344282586,0.9191945158526136
quixer,1000,43,94,0.04075962442532182,98.1,0.9988612382206064,0.9745554650118056,0.2559084647285347,94.8473282442748,0.9863277158906979,0.9386937065600305
quixer,1000,43,95,0.012184857268817724,99.6,0.9999059737980317,0.9947763221128731,0.2392584274288352,93.70229007633588,0.9881938493763687,0.9358183376178235
quixer,1000,43,96,0.0212404412109463,99.2,0.9995298689901585,0.9895526442257465,0.24404070253363092,94.8473282442748,0.9898505188993622,0.9411120632200324
quixer,1000,43,97,0.006411992158740759,99.6,0.9999686579326772,0.9935121920641885,0.23163012618941917,95.41984732824427,0.9908978387127488,0.9449681043511378
quixer,1000,43,98,0.006880959927104414,99.8,0.9999686579326772,0.9973881610564366,0.23395743384287038,95.22900763358778,0.9905169951442445,0.9267542606874226
quixer,1000,43,99,0.01317122861626558,99.3,0.9998694080528219,0.9902264986731858,0.2777858638695178,94.46564885496183,0.9906122060363706,0.9482147957726363
quixer,1000,43,100,0.002759420792684978,100.0,1.0,1.0,0.2432213949736293,95.22900763358778,0.9905169951442445,0.943682757307436
quixer,1000,43,101,0.015182504058087944,99.7,0.9998067239181764,0.9954501765603125,0.22456369144870467,95.41984732824427,0.9902504046462915,0.9328763210511282
quixer,1000,43,102,0.01490506485345395,99.4,0.9998432896633862,0.9909003531206251,0.24124842719174922,95.22900763358778,0.9896220127582596,0.9461011139674379
quixer,1000,43,103,0.004308107119926717,100.0,1.0,1.0,0.20797302685535818,95.80152671755725,0.9898505188993622,0.9402837284585357
quixer,1000,43,104,0.006931114135735697,99.6,0.9999582105769029,0.9947763221128731,0.2564191896084497,94.46564885496183,0.990021898505189,0.9385413691326288
quixer,1000,43,105,0.014149563077953644,99.7,0.999791052884515,0.9967143066089972,0.25030471654679937,95.22900763358778,0.9908026278206228,0.9461011139674379
quixer,1000,43,106,0.01477469072317399,99.6,0.9998380659854991,0.9947763221128731,0.2241795369626542,95.41984732824427,0.9906693325716462,0.9425497476911359
quixer,1000,43,107,0.00702642700378783,99.8,0.9999634342547901,0.9973881610564366,0.21702859164677732,95.80152671755725,0.991811863277159,0.9402837284585357
quixer,1000,43,108,0.0039627270581549965,99.8,0.9999895526442257,0.9973881610564366,0.2603433237114267,95.61068702290076,0.9904979529658193,0.9269065981148243
quixer,1000,43,109,0.0038082109991228207,99.9,0.9999947763221129,0.998062015503876,0.24325467130873096,95.0381679389313,0.9916023993144817,0.947234123583738
quixer,1000,43,110,0.003942474676870916,99.8,0.9999895526442257,0.9973881610564366,0.23606503703567033,95.61068702290076,0.9924783395220413,0.9365800247548319
quixer,1000,43,111,0.0022604384748119628,99.9,1.0,0.998062015503876,0.261920302869034,96.56488549618321,0.9913358088165286,0.9430067599733409
quixer,1000,43,112,0.0027820693953253795,100.0,1.0,1.0,0.27193061912517624,96.18320610687023,0.9913738931733791,0.947691135865943
quixer,1000,43,113,0.004830544612370431,99.9,0.9999791052884515,0.9993261455525606,0.3201157451131406,95.22900763358778,0.9883747500714081,0.9194991907074169
quixer,1000,43,114,0.0023717602450051343,99.9,1.0,0.998062015503876,0.310228280387179,95.41984732824427,0.9892221270113302,0.940131391031134
quixer,1000,43,115,0.002712644045648631,99.9,0.9999895526442257,0.998062015503876,0.270228638312822,95.80152671755725,0.9910692183185758,0.9427020851185375
quixer,1000,43,116,0.003769238523869717,99.8,0.9999843289663386,0.9973881610564366,0.26386183597687773,95.99236641221374,0.9911358659430638,0.9584975721222508
quixer,1000,43,117,0.014075411051853734,99.3,0.9998537370191606,0.9914906287218705,0.290093494716495,95.61068702290076,0.9883271446253452,0.9365800247548319
quixer,1000,43,118,0.02736044585565105,98.5,0.9995141979564972,0.981043272947617,0.3662098759344516,93.89312977099236,0.9899362087022756,0.8911549081214891
quixer,1000,43,119,0.03410924831882585,99.0,0.9991276457928499,0.9856766752334984,0.295102683827281,93.70229007633588,0.9824811958488051,0.9092164143578025
quixer,1000,43,120,0.03399823730927892,98.8,0.9991694352159468,0.983064836289935,0.27038335468698266,95.80152671755725,0.9886413405693611,0.9306103018185281
quixer,1000,43,121,0.06568550751637667,98.1,0.9973568189891138,0.9821402453039136,0.27692654119441923,95.0381679389313,0.988669903836999,0.9109587736837095
quixer,1000,43,122,0.01673302560299635,99.4,0.9997858292066277,0.9909003531206251,0.31497964251587407,93.70229007633588,0.984175949728649,0.9333999809578215
quixer,1000,43,123,0.015342261268291623,99.5,0.9998328423076118,0.9928383376167491,0.2635338370508749,95.99236641221374,0.9888031990859754,0.9318956488622299
quixer,1000,43,124,0.016610101025784387,99.5,0.9998015002402891,0.9941024676654339,0.23825641388770277,95.61068702290076,0.9883176235361326,0.9486718080548415
quixer,1000,43,125,0.010027068291608885,99.7,0.9999216448316931,0.9954501765603125,0.24874807741612512,95.61068702290076,0.9873559935256593,0.9389983814148338
quixer,1000,43,126,0.004470163316378603,99.9,0.9999843289663386,0.9993261455525606,0.2382249946018169,95.61068702290076,0.9901932781110159,0.9486718080548415
quixer,1000,43,127,0.003938481267599854,99.9,0.9999895526442257,0.998062015503876,0.23205902816315416,95.99236641221374,0.9917928210987337,0.9439874321622393
quixer,1000,43,128,0.0019165474566370903,100.0,1.0,1.0,0.27049303926208246,96.18320610687023,0.9906026849471579,0.9355993525659336
quixer,1000,43,129,0.0019088489073801611,100.0,1.0,1.0,0.2804916843193246,95.41984732824427,0.9893173379034562,0.9304579643911264
quixer,1000,43,130,0.013599927238945384,99.3,0.9998955264422574,0.9902264986731858,0.23681759648291636,95.80152671755725,0.9909740074264496,0.9523755117585452
quixer,1000,43,131,0.010142733436252455,99.7,0.9999373158653544,0.9967143066089972,0.26050942348901057,95.61068702290076,0.9893935066171569,0.9438350947348377
quixer,1000,43,132,0.0034252573077974374,99.8,0.9999947763221129,0.9973881610564366,0.2781009926222243,95.61068702290076,0.9901075883081024,0.9389983814148338
quixer,1000,43,133,0.0006033516883908306,100.0,1.0,1.0,0.28178374630390635,95.80152671755725,0.9909930496048748,0.9427020851185375
quixer,1000,43,134,0.00036656585225136953,100.0,1.0,1.0,0.28767938018534844,96.18320610687023,0.9912501190136151,0.9404360658859373
quixer,1000,43,135,0.00021969895716756582,100.0,1.0,1.0,0.2702309439800887,95.80152671755725,0.9917166523850328,0.9451204417785395
quixer,1000,43,136,0.0009827834893549152,100.0,1.0,1.0,0.2734686277100005,95.99236641221374,0.9915643149576312,0.9391507188422356
quixer,1000,43,137,0.0001349416934826877,100.0,1.0,1.0,0.2677254455609741,95.99236641221374,0.9917261734742453,0.9488241454822433
quixer,1000,43,138,0.0004486538859227949,100.0,1.0,1.0,0.26915842735092543,95.99236641221374,0.9919261163477102,0.9367323621822337
quixer,1000,43,139,0.0009041238772988435,100.0,1.0,1.0,0.2508158275551061,96.37404580152672,0.9927068456631439,0.9513948395696468
quixer,1000,43,140,0.0002908199269222678,100.0,1.0,1.0,0.25915545562618036,96.18320610687023,0.9923926497191278,0.9428544225459392
quixer,1000,43,141,0.0001363181342940152,100.0,1.0,1.0,0.2557297890987767,96.18320610687023,0.9924021708083406,0.9452727792059412
quixer,1000,43,142,0.0007501084042887669,99.9,1.0,0.998062015503876,0.26691031869934545,95.61068702290076,0.9929924783395221,0.9462534513948395
quixer,1000,43,143,0.0034659979860443856,99.9,0.9999843289663386,0.9993261455525606,0.30430525091473626,95.80152671755725,0.9884794820527468,0.9306103018185281
quixer,1000,43,144,0.004090301669693872,99.9,0.9999843289663386,0.9993261455525606,0.28906635593672686,95.61068702290076,0.9893173379034561,0.9389983814148338
quixer,1000,43,145,0.000981538630410796,100.0,1.0,1.0,0.306458742806095,95.99236641221374,0.9898790821669999,0.9343140055222318
quixer,1000,43,146,0.005143101366433257,99.7,0.9999843289663386,0.9967143066089972,0.3113928075204648,96.18320610687023,0.9893363800818813,0.9380177092259354
quixer,1000,43,147,0.011703468657447957,99.7,0.9998955264422574,0.9954501765603125,0.23484949098956834,95.0381679389313,0.9869561077787299,0.9423974102637342
quixer,1000,43,148,0.04535498479288071,98.3,0.9986209490377986,0.9796955640527383,0.21812200968647874,96.18320610687023,0.9895839284014091,0.947691135865943
quixer,1000,43,149,0.013746060276404024,99.5,0.9998746317307089,0.9941024676654339,0.22929504609005597,95.41984732824427,0.987317909168809,0.9425497476911359
quixer,1000,43,150,0.01566852977835515,99.4,0.9998380659854991,0.9921644831693098,0.2518643989627168,95.80152671755725,0.9894601542416452,0.9330286584785299
quixer,1000,43,151,0.013458670462016016,99.6,0.9998694080528218,0.9947763221128731,0.21904266762852898,95.80152671755725,0.9908597543558983,0.9354470151385319
quixer,1000,43,152,0.039691214286605825,98.5,0.9989030276437034,0.9797791428989322,0.3036368937437771,93.70229007633588,0.9859468723221937,0.9358183376178235
quixer,1000,43,153,0.018446648352750346,99.3,0.9997492634614179,0.9927547587705552,0.23689671365618847,94.8473282442748,0.9886318194801486,0.9314386365800247
quixer,1000,43,154,0.004451537029577594,99.9,1.0,0.9993261455525606,0.2069537084303505,96.37404580152672,0.9912596401028277,0.946558126249643
quixer,1000,43,155,0.005943523594440194,99.8,0.9999686579326772,0.9973881610564366,0.2149086031513573,95.80152671755725,0.9912405979244026,0.9451204417785395
quixer,1000,43,156,0.005855731322197243,99.7,0.9999843289663386,0.9967143066089972,0.21225854932981053,96.18320610687023,0.9909359230695991,0.9428544225459392
quixer,1000,43,157,0.012717948355711996,99.4,0.9998850790864832,0.9909003531206251,0.42234634471531135,92.55725190839695,0.9884794820527468,0.9353613253356184
quixer,1000,43,158,0.010192949631018564,99.7,0.999916421153806,0.9954501765603125,0.2098714362519779,95.99236641221374,0.990602684947158,0.9391507188422356
quixer,1000,43,159,0.004024830078065861,99.9,0.9999895526442257,0.998062015503876,0.2618377577826267,95.61068702290076,0.9898886032562125,0.9462534513948395
quixer,1000,43,160,0.017703589184675364,99.1,0.9997649344950793,0.9888787897783071,0.24077730320744173,95.22900763358778,0.9886508616585737,0.9340093306674284
quixer,1000,43,161,0.01640953924157657,99.7,0.9997649344950792,0.9954501765603125,0.31071675173717883,95.22900763358778,0.9854612967723507,0.9194991907074169
quixer,1000,43,162,0.001910441272688331,100.0,1.0,1.0,0.25733540357954315,95.61068702290076,0.9876797105588879,0.9317433114348281
quixer,1000,43,163,0.0029668329574051313,100.0,1.0,1.0,0.30772286093303264,95.0381679389313,0.9881557650195183,0.9375606969437303
quixer,1000,43,164,0.003795997887253179,99.9,0.9999843289663386,0.9993261455525606,0.31600927367792214,94.08396946564885,0.9891554793868418,0.9335523183852232
quixer,1000,43,165,0.02501065615270636,99.3,0.9996656846152239,0.9927547587705552,0.2783505367194009,95.99236641221374,0.9891650004760545,0.9343140055222318
quixer,1000,43,166,0.035873361395555546,98.6,0.9992634614179151,0.9842453874924256,0.26429518372822863,95.61068702290076,0.9878891745215652,0.9317433114348281
quixer,1000,43,167,0.018201319694286212,99.1,0.999791052884515,0.9901429198269918,0.25748019966915364,94.27480916030534,0.9856421974673902,0.9130724554889079
quixer,1000,43,168,0.008622923891758547,99.5,0.9999634342547901,0.9928383376167491,0.2202853399492402,95.99236641221374,0.9906502903932211,0.9464057888222412
quixer,1000,43,169,0.016906127557042055,99.5,0.999754487139305,0.9953665977141186,0.25693645514547825,95.80152671755725,0.9901837570218033,0.9306103018185281
quixer,1000,43,170,0.013958881271188148,99.7,0.9998223949518377,0.9954501765603125,0.24229052933359532,95.61068702290076,0.9894125487955823,0.93416166809483
quixer,1000,43,171,0.00286109351316918,100.0,1.0,1.0,0.24259558518684668,96.37404580152672,0.9908407121774732,0.944139769589641
quixer,1000,43,172,0.000511107479869679,100.0,1.0,1.0,0.23870717175527056,96.94656488549619,0.9911644292107017,0.9552508807007521
quixer,1000,43,173,0.00035686043376335875,100.0,1.0,1.0,0.24290666614618253,96.94656488549619,0.9914500618870798,0.9552508807007521
quixer,1000,43,174,0.009220108999084915,99.8,0.9999373158653544,0.9973881610564366,0.26474139764185156,96.18320610687023,0.989926687613063,0.9452727792059412
quixer,1000,43,175,0.006179325268458342,99.9,0.9999477632211288,0.9993261455525606,0.354853652851329,95.22900763358778,0.9901837570218033,0.917080834047415
quixer,1000,43,176,0.00297479183608084,99.9,0.9999947763221129,0.998062015503876,0.28125855694471624,96.18320610687023,0.9899076454346377,0.9355993525659336
quixer,1000,43,177,0.007404902463022154,99.7,0.9999634342547901,0.9954501765603125,0.298906872176942,94.46564885496183,0.9858516614300675,0.9409597257926308
quixer,1000,43,178,0.007605609121601447,99.7,0.9999634342547901,0.9967143066089972,0.3978594306088586,93.70229007633588,0.9922688755593639,0.8874512044177854
quixer,1000,43,179,0.010217773657554063,99.6,0.9999059737980317,0.9935121920641885,0.2322449080893976,95.80152671755725,0.9933923640864514,0.9330286584785299
quixer,1000,43,180,0.0023380144983166247,100.0,1.0,1.0,0.23361337439420113,96.37404580152672,0.9926878034847186,0.9489764829096449
quixer,1000,43,181,0.0002951749306448619,100.0,1.0,1.0,0.2521254756089228,95.99236641221374,0.9925354660573169,0.9391507188422356
quixer,1000,43,182,0.0013505023640191212,100.0,1.0,1.0,0.273274865564577,96.18320610687023,0.9925545082357421,0.9404360658859373
quixer,1000,43,183,0.021402854431362358,99.5,0.9996395662257882,0.9928383376167491,0.24726044966035898,95.22900763358778,0.9892602113681805,0.943682757307436
quixer,1000,43,184,0.018336128327879123,99.4,0.9997388161056437,0.9921644831693098,0.22594116530505556,95.61068702290076,0.988765114729125,0.93416166809483
quixer,1000,43,185,0.012589176098066673,99.7,0.9997440397835308,0.9954501765603125,0.20206814603826728,95.80152671755725,0.9922117490240883,0.9427020851185375
quixer,1000,43,186,0.008166923108161427,99.6,0.9999529868990158,0.9947763221128731,0.23487864426820368,95.99236641221374,0.9929543939826717,0.9391507188422356
quixer,1000,43,187,0.014317713750730036,99.5,0.9998485133412733,0.9941024676654339,0.2274436028771998,95.22900763358778,0.9878701323431401,0.9315909740074264
quixer,1000,43,188,0.0167305484963581,99.4,0.9997753818508536,0.9934286132179946,0.23460800656631148,95.80152671755725,0.9889364943349519,0.9378653717985337
quixer,1000,43,189,0.006337618997022219,99.8,0.9999843289663386,0.9973881610564366,0.2735314682745446,95.0381679389313,0.987508330953061,0.9278872703037228
quixer,1000,43,190,0.002434873399572098,100.0,1.0,1.0,0.34296827229142923,95.0381679389313,0.9861753784632962,0.9182138436637151
quixer,1000,43,191,0.004160064477415289,99.7,0.9999895526442257,0.9954501765603125,0.34522397423764417,95.22900763358778,0.9907835856421974,0.917080834047415
quixer,1000,43,192,0.011619637113937643,99.6,0.9999111974759188,0.9947763221128731,0.2809669783523636,95.0381679389313,0.9904598686089688,0.9206322003237171
quixer,1000,43,193,0.011380441453366075,99.6,0.9998850790864832,0.9935121920641885,0.29548160549793534,93.89312977099236,0.9931067314100734,0.9516138246215367
quixer,1000,43,194,0.003382297385309357,99.9,0.9999947763221129,0.998062015503876,0.27789618029394225,93.70229007633588,0.9930115205179473,0.9454917642578311
quixer,1000,43,195,0.005441825566173066,99.8,0.9999738816105643,0.9986522911051212,0.26983088976414765,95.61068702290076,0.9930686470532228,0.9486718080548415
quixer,1000,43,196,0.002022223354826565,99.9,1.0,0.998062015503876,0.28311907666386993,94.8473282442748,0.9922688755593639,0.9411120632200324
quixer,1000,43,197,0.012375616588498815,99.3,0.9998694080528218,0.9902264986731858,0.23877984294227395,95.99236641221374,0.9928306198229078,0.9367323621822337
quixer,1000,43,198,0.003949613960008719,99.9,0.9999895526442257,0.9993261455525606,0.2871000510787975,95.41984732824427,0.9919642007045606,0.9304579643911264
quixer,1000,43,199,0.01408008546824567,99.4,0.9998955264422574,0.9921644831693098,0.21737922534687829,96.18320610687023,0.9890507474055032,0.9525278491859469
quixer,1000,43,200,0.011907554686651564,99.7,0.9998641843749346,0.9967143066089972,0.26626581975920055,95.22900763358778,0.9900028563267638,0.9461011139674379
quixer,1000,43,201,0.013837407647741202,99.6,0.9998485133412733,0.9960404521615579,0.311948629388605,94.8473282442748,0.9901551937541656,0.9145101399600114
quixer,1000,43,202,0.016740325323160506,99.5,0.9998119475960634,0.9928383376167491,0.26402217855913396,95.99236641221374,0.9899552508807007,0.9415690755022375
quixer,1000,43,203,0.010386400309413148,99.7,0.9999111974759188,0.9954501765603125,0.27547363323987756,95.22900763358778,0.993163857945349,0.9194991907074169
quixer,1000,43,204,0.013079833607887848,99.5,0.9998955264422574,0.9928383376167491,0.19888338991769638,95.0381679389313,0.9916976102066077,0.9423974102637342
quixer,1000,43,205,0.007329885173152434,99.8,0.9999738816105643,0.9973881610564366,0.2519776161267104,95.99236641221374,0.9909930496048748,0.9343140055222318
quixer,1000,43,206,0.017773793587461114,99.5,0.9998067239181763,0.9928383376167491,0.3310404084338487,94.27480916030534,0.9874512044177854,0.934837665428925
quixer,1000,43,207,0.011416118931259916,99.4,0.9999007501201446,0.9921644831693098,0.26439212483153074,95.61068702290076,0.9901932781110159,0.9389983814148338
quixer,1000,43,208,0.009421160802943631,99.6,0.9999425395432415,0.9935121920641885,0.2467652268242091,95.0381679389313,0.9907074169284966,0.9496524802437398
quixer,1000,43,209,0.004900368653299666,99.8,0.9999947763221129,0.9973881610564366,0.304194318398101,95.61068702290076,0.9871370084737694,0.93416166809483
quixer,1000,43,210,0.007812504147375875,99.6,0.9999477632211287,0.9935121920641885,0.33811198955554017,95.0381679389313,0.9893173379034561,0.9206322003237171
quixer,1000,43,211,0.01168523305641395,99.6,0.9999477632211287,0.9960404521615579,0.30421718282210375,95.41984732824427,0.9902313624678662,0.9304579643911264
quixer,1000,43,212,0.01933979781024391,99.1,0.9997231450719823,0.9876146597296225,0.27868476982579704,95.0381679389313,0.987917737789203,0.9278872703037228
quixer,1000,43,213,0.017283251403510804,99.6,0.9997649344950793,0.9947763221128731,0.28607001236039176,93.70229007633588,0.9886127773017234,0.9358183376178235
quixer,1000,43,214,0.0071290459823794665,99.8,0.9999425395432416,0.9961240310077519,0.4325212125758861,91.03053435114504,0.9876225840236124,0.9178234790059983
quixer,1000,43,215,0.01416808421263704,99.5,0.999874631730709,0.9941024676654339,0.31622582348382955,94.65648854961832,0.9864610111396743,0.9301532895363229
quixer,1000,43,216,0.0084793979441165,99.7,0.9999477632211287,0.9954501765603125,0.21371151008828163,95.80152671755725,0.9910120917833,0.9354470151385319
quixer,1000,43,217,0.0011196836574090413,100.0,1.0,1.0,0.2133186608119708,95.80152671755725,0.9922307912025137,0.9402837284585357
quixer,1000,43,218,0.0063248595227196345,99.9,0.9999582105769029,0.998062015503876,0.24683908823777626,95.61068702290076,0.9919451585261354,0.93416166809483
quixer,1000,43,219,0.001065202435012907,100.0,1.0,1.0,0.27823689496445686,95.99236641221374,0.9895458440445587,0.9367323621822337
quixer,1000,43,220,0.0016101613007776904,100.0,1.0,1.0,0.2613482427037275,95.99236641221374,0.9913358088165287,0.9439874321622393
quixer,1000,43,221,0.0006563449383247644,100.0,1.0,1.0,0.2728752930064771,95.61068702290076,0.9910311339617252,0.9365800247548319
quixer,1000,43,222,0.004258070499505265,99.8,0.9999895526442257,0.9973881610564366,0.31390998324820796,95.22900763358778,0.9914405407978673,0.9219175473674188
quixer,1000,43,223,0.001362076647754293,99.9,1.0,0.9993261455525606,0.3275034426244214,95.22900763358778,0.9914881462439302,0.9194991907074169
quixer,1000,43,224,0.00738155659037875,99.8,0.9999425395432415,0.9986522911051212,0.301660397858152,94.8473282442748,0.9908597543558983,0.9169284966200133
quixer,1000,43,225,0.0009714741223870078,100.0,1.0,1.0,0.30850469970822164,95.61068702290076,0.990288489003142,0.9317433114348281
quixer,1000,43,226,0.004730316624802071,99.8,0.9999895526442257,0.9961240310077519,0.30753734711920205,95.99236641221374,0.9905836427687328,0.9415690755022375
quixer,1000,43,227,0.002928862968852627,99.9,0.9999947763221129,0.9993261455525606,0.27636499526619,95.80152671755725,0.9897362658288108,0.9451204417785395
quixer,1000,43,228,0.003802952149417251,99.7,1.0,0.9941860465116279,0.392700589795149,93.5114503816794,0.9900599828620393,0.9442064172141293
quixer,1000,43,229,0.023621046114887575,99.1,0.9997179213940952,0.9876146597296225,0.2684709841442358,95.80152671755725,0.9887936779967628,0.9475387984385414
quixer,1000,43,230,0.016589895209050156,99.2,0.9998432896633862,0.9908167742744312,0.2366872737317467,94.65648854961832,0.9891459582976292,0.9180615062363134
quixer,1000,43,231,0.004394613210111856,100.0,1.0,1.0,0.24832515879214265,95.22900763358778,0.9894315909740073,0.9364276873274302
quixer,1000,43,232,0.0012891909850186493,100.0,1.0,1.0,0.30447169711399213,95.61068702290076,0.9880795963058173,0.93416166809483
quixer,1000,43,233,0.014375592291296925,99.5,0.9998798554085961,0.9941024676654339,0.2709204460998983,94.27480916030534,0.9895458440445587,0.9420927354089308
quixer,1000,43,234,0.009115301788127908,99.8,0.9999320921874674,0.9986522911051212,0.2696299921865184,95.22900763358778,0.9909740074264496,0.9388460439874322
quixer,1000,43,235,0.00806823542174243,99.6,0.9999425395432415,0.9935121920641885,0.2193586727700246,95.61068702290076,0.9918880319908597,0.9486718080548415
quixer,1000,43,236,0.00734358759681345,99.6,0.9999582105769029,0.9960404521615579,0.30486245125364053,95.41984732824427,0.989469675330858,0.9232028944111206
quixer,1000,43,237,0.004503646509030659,99.9,0.9999895526442257,0.998062015503876,0.25797557853946423,95.41984732824427,0.9909454441588118,0.9304579643911264
quixer,1000,43,238,0.009932055690180278,99.7,0.9999320921874674,0.9967143066089972,0.25770652597401134,96.18320610687023,0.9911168237646386,0.9428544225459392
quixer,1000,43,239,0.030330832763866056,99.0,0.9994933032449488,0.9818842850874444,0.41102359256216586,92.36641221374046,0.992440255165191,0.9413310482719223
quixer,1000,43,240,0.015700838664801268,99.5,0.9998694080528218,0.9953665977141186,0.2866424500891354,95.22900763358778,0.9888031990859755,0.917080834047415
quixer,1000,43,241,0.007026828280650079,99.7,0.9999738816105643,0.9954501765603125,0.2029665825197132,96.18320610687023,0.992678282395506,0.9525278491859469
quixer,1000,43,242,0.0028025472206645646,99.9,1.0,0.998062015503876,0.2952138840199541,93.89312977099236,0.9897172236503855,0.9346853280015234
quixer,1000,43,243,0.00898909551394172,99.7,0.999916421153806,0.9967143066089972,0.24014213127442877,95.41984732824427,0.9895553651337713,0.9328763210511282
quixer,1000,43,244,0.002353144239838002,100.0,1.0,1.0,0.2286493894902767,95.99236641221374,0.9915738360468438,0.9439874321622393
quixer,1000,43,245,0.002529576037777588,99.8,0.9999947763221129,0.9973881610564366,0.29844111553418295,95.61068702290076,0.9870798819384938,0.9293249547748262
quixer,1000,43,246,0.03019696340331575,99.0,0.999461961177626,0.9869408052821831,0.25257476103422766,95.80152671755725,0.9877368370941636,0.9354470151385319
quixer,1000,43,247,0.016419751221255864,99.2,0.999791052884515,0.9882885141770618,0.21410920408074274,95.99236641221374,0.9909168808911739,0.9464057888222412
quixer,1000,43,248,0.007289775073513738,99.7,0.9999582105769029,0.9954501765603125,0.22286359002308934,95.99236641221374,0.9900599828620393,0.951242502142245
quixer,1000,43,249,0.011224316014209762,99.5,0.9998955264422575,0.9941024676654339,0.2661750457078069,95.61068702290076,0.9900409406836143,0.9486718080548415
